,TimeDiff,tweet_1st,tweet_2nd,Label
8,215.93777777777777,6.9339895,3.5056076,1
23,215.6952777777778,6.6160965,1.5132279,1
27,215.6475,8.386896,3.7909188,1
29,215.64333333333332,6.5200224,1.6362141,1
59,215.22694444444448,9.518955,0.63471794,1
69,215.0641666666667,5.1475644,6.5869846,1
80,214.91722222222225,7.1240997,0.5744075,0
87,214.8011111111111,9.262584,7.766528,0
88,214.80055555555555,6.7612505,2.5102365,1
92,214.75444444444443,5.57322,5.237259,1
135,214.24944444444444,6.473673,0.9485986,0
143,214.13444444444443,5.149658,3.7047749,1
211,213.50666666666663,7.057026,2.2010033,0
214,213.45222222222225,7.5004687,-0.4131368,0
219,213.40722222222223,7.7880535,3.8994975,1
255,213.11416666666668,6.6859584,3.4460435,1
282,212.93166666666667,4.783865,0.6289314,1
283,212.91694444444445,9.487967,0.6125439,1
318,212.7902777777778,4.801138,0.62603325,1
333,212.67638888888888,5.057285,0.813787,1
376,212.33333333333331,8.468428,7.594081,0
412,212.1363888888889,6.5237823,1.8588129,1
420,212.09694444444443,4.7751956,3.3989003,0
423,212.08388888888888,7.428984,1.1690446,0
428,212.0475,9.522098,0.57805645,1
478,211.6233333333333,7.77658,1.2715251,0
488,211.55777777777777,4.484937,2.4890168,0
495,211.5186111111111,8.961072,2.9750993,1
496,211.50416666666663,6.1756926,1.4284097,1
550,211.0338888888889,8.910753,6.6184764,1
558,211.00833333333333,7.256984,0.960152,1
572,210.87166666666667,6.534867,2.2503438,0
611,210.5052777777778,6.8849273,5.5665483,1
633,210.31527777777777,7.6653657,1.4338826,0
640,210.2830555555556,6.414978,0.9359252,1
650,210.2386111111111,6.0602846,2.5708666,1
668,210.1511111111111,8.2840395,5.793531,1
721,209.8322222222222,7.2792587,0.92213184,0
740,209.71833333333333,5.304515,6.534768,0
748,209.6027777777778,5.513171,4.6342554,0
773,209.39777777777775,7.3052616,0.7277659,1
782,209.3411111111111,8.567631,7.4544544,0
820,209.08527777777775,7.180891,0.434598,0
828,209.0361111111111,9.463561,0.6239151,1
852,208.9380555555556,8.781307,6.8627796,1
869,208.86916666666667,6.4970827,0.67835283,0
883,208.79611111111112,7.917822,6.869141,1
899,208.70888888888888,6.781534,3.5198152,1
902,208.68944444444443,7.8988576,7.502645,1
904,208.67638888888888,4.7475557,1.7737149,0
961,208.30194444444444,6.700475,5.341104,1
1010,208.015,7.1806083,0.9117069,0
1011,208.0125,7.171536,0.9408502,0
1070,207.64138888888888,7.117944,1.593291,1
1078,207.58805555555557,3.5517194,10.450325,0
1134,207.2308333333333,7.8517804,1.0800678,0
1167,207.0336111111111,10.355168,2.3024359,1
1176,206.96666666666667,6.1889296,0.440212,0
1215,206.7313888888889,6.2667007,4.325404,1
1219,206.71416666666667,7.9128156,7.1121225,0
1220,206.70805555555555,5.166884,0.5494883,1
1253,206.50694444444449,9.4667845,0.6083891,1
1257,206.4752777777778,7.1435323,0.7549444,1
1261,206.4658333333333,6.4211936,0.6896616,0
1263,206.46,8.291052,1.112302,0
1270,206.42222222222225,7.497027,1.2933202,1
1280,206.37833333333333,6.2637243,0.5270058,0
1281,206.35888888888888,4.730982,1.8041395,0
1284,206.3075,6.348155,1.1118667,0
1336,205.85,5.6159887,6.6297793,0
1338,205.82,5.988992,3.563591,0
1340,205.8086111111111,4.2853527,1.984935,1
1347,205.71277777777777,9.075652,6.1142774,1
1355,205.66222222222223,7.183072,0.32160074,0
1447,204.6302777777778,5.2780666,3.0567842,1
1487,204.0013888888889,7.645943,1.2651204,1
1508,203.37777777777777,6.341394,1.5961143,1
1512,203.33333333333331,6.857174,1.7659341,0
1548,202.87277777777777,8.82332,3.520277,1
1581,202.00972222222225,6.28195,6.0677776,1
1620,201.2588888888889,5.6072054,5.2771854,1
1671,199.54166666666663,9.692971,0.23546705,1
1681,199.25861111111112,6.9905953,4.703801,1
1756,196.75611111111112,6.4509163,2.3494363,1
1793,195.97666666666663,4.8704476,3.4452817,1
1826,195.38694444444445,6.599976,0.89257896,0
1852,194.9025,4.933617,2.0780668,0
1854,194.88694444444445,8.1015,1.596176,0
1868,194.78722222222223,6.757571,3.9571795,0
1872,194.7244444444445,6.988593,3.4415915,1
1878,194.6611111111111,6.3576827,0.5207,0
1923,194.22083333333333,4.4443893,4.19962,0
1977,193.91972222222225,6.059892,2.436848,1
2012,193.5994444444445,8.134977,3.9992244,1
2108,192.7605555555556,8.242984,2.377045,0
2120,192.65527777777777,7.8097878,4.058186,1
2130,192.5938888888889,8.012532,4.46613,1
2162,192.31333333333333,5.5679235,5.3151007,1
2170,192.22833333333327,7.388256,2.5913458,1
2183,192.17888888888888,5.164519,3.441231,0
2224,191.92777777777775,8.975616,1.8342948,0
2255,191.61027777777775,8.494375,3.4897614,1
2262,191.54694444444445,3.3357067,2.5644894,0
2269,191.4872222222222,9.479258,0.6131384,1
2298,191.32111111111112,6.952882,3.5590403,1
2301,191.3075,8.695975,0.47294775,1
2309,191.26111111111112,7.232009,3.9151297,1
2321,191.18833333333333,7.2785387,3.4336326,1
2335,191.135,6.73183,1.7193303,1
2387,190.75944444444443,6.461034,1.4366057,0
2397,190.69722222222225,9.48548,0.64763284,1
2403,190.6575,5.8205347,3.4092298,0
2411,190.59444444444443,6.628652,2.9816961,1
2423,190.46305555555557,7.3491397,2.4125018,1
2432,190.32527777777776,8.884448,0.752239,0
2434,190.3113888888889,5.8438077,3.5679955,0
2441,190.20111111111112,6.931839,2.2760665,0
2452,190.0702777777778,9.505241,0.6140022,1
2515,189.47194444444443,6.8509617,1.5702454,0
2524,189.39555555555555,7.329448,3.407402,1
2543,189.1825,6.6417084,3.7690706,1
2547,189.1563888888889,6.9217215,0.9756743,0
2549,189.1211111111111,6.807634,1.5896218,1
2562,189.0583333333333,5.605251,5.2879415,1
2578,188.95166666666665,6.4986567,3.4841237,1
2591,188.79888888888888,7.2374177,1.6253524,1
2595,188.75972222222225,6.022556,1.3609161,0
2618,188.60083333333333,4.6852474,6.499766,1
2623,188.57555555555555,8.861867,4.5990925,1
2624,188.57361111111112,6.625159,1.402729,1
2635,188.52777777777777,8.794726,3.7753181,1
2650,188.3802777777778,7.020679,2.2132347,0
2658,188.27138888888888,8.113816,1.3151007,0
2679,188.0936111111111,6.6563478,1.3101786,1
2685,188.07861111111112,6.212232,0.8958984,1
2723,187.75083333333333,7.4030232,0.6835927,1
2764,187.3686111111111,9.540656,3.509253,1
2782,187.23583333333332,7.907791,4.5746903,1
2807,187.0938888888889,7.6695237,1.6455269,0
2836,186.93138888888888,7.623579,5.637692,1
2846,186.83666666666667,8.6311245,1.1316079,0
2897,186.52055555555555,7.2214437,0.9547056,0
2915,186.4105555555556,6.376357,0.64457226,0
2974,186.1136111111111,5.984481,3.3184662,0
2984,186.0702777777778,6.995591,1.5803179,0
3012,185.9308333333333,7.2665153,1.2955048,0
3035,185.80638888888888,6.274055,1.4744109,1
3048,185.74666666666667,7.112427,1.1121238,1
3163,185.2788888888889,8.5172205,1.5643519,0
3184,185.20472222222224,6.3779597,0.39584273,0
3190,185.19194444444443,8.280284,3.7002592,1
3195,185.1861111111111,8.357839,3.1101196,0
3243,185.0311111111111,7.1722064,3.067103,0
3273,184.9405555555556,3.869513,2.7979498,1
3287,184.8936111111111,5.1535106,0.6893628,1
3293,184.8830555555556,7.005271,0.89738137,1
3302,184.85333333333327,6.5468516,1.546822,1
3325,184.76277777777776,9.135312,2.1414356,1
3333,184.74277777777775,5.348848,6.737063,0
3346,184.66722222222225,8.8214035,3.3470502,1
3369,184.5641666666667,7.5259523,3.9975867,1
3390,184.5055555555556,6.767426,0.882997,0
3476,184.2875,4.7289915,3.4681897,1
3480,184.2761111111111,6.312481,1.702038,0
3491,184.2525,5.8907824,1.1929362,0
3505,184.2136111111111,7.711626,1.3698888,0
3537,184.11666666666667,5.9305286,2.8799472,0
3627,183.8708333333333,9.01639,3.337383,1
3768,183.38222222222225,8.458548,3.2886374,0
3773,183.37027777777777,8.95809,2.405717,1
3843,183.13583333333327,7.754277,0.8346499,0
3874,183.01916666666668,8.4176445,7.2835464,0
3877,183.0102777777778,7.178305,0.36059487,1
3900,182.93166666666667,7.103611,1.0956368,0
3944,182.75972222222225,7.5687046,4.312258,1
3951,182.7483333333333,6.2922463,0.5870508,0
3965,182.70138888888889,8.352102,4.2672653,1
4038,182.39055555555555,6.1751065,2.853578,0
4110,182.08666666666667,6.19756,1.4505005,1
4115,182.06277777777777,5.5384088,2.2073047,0
4121,182.04166666666663,7.6742363,7.3829703,1
4132,182.00861111111112,7.4491925,4.0313115,1
4149,181.9633333333333,5.865533,3.481953,1
4207,181.7736111111111,9.140733,4.842349,0
4221,181.68972222222223,8.923992,4.3007507,1
4373,181.00944444444443,6.4988194,2.8094409,0
4382,180.99027777777775,8.764459,3.224471,1
4401,180.88916666666665,6.829181,2.9369476,1
4448,180.64638888888888,8.198232,4.44532,1
4466,180.5663888888889,6.9010673,2.9320877,0
4477,180.5036111111111,10.247699,3.642424,0
4498,180.37972222222223,7.361431,4.0509877,1
4576,179.82333333333332,8.989403,3.2846627,0
4599,179.65444444444444,7.239459,3.5277133,0
4722,178.49777777777777,6.511845,5.5735774,1
4896,174.65083333333334,8.662929,3.8061152,1
4926,174.27166666666668,4.486595,3.4756107,1
4932,174.2138888888889,8.73417,3.3914561,0
4952,173.98916666666668,8.425054,3.0438151,1
5048,172.91666666666666,5.8293285,3.2715847,1
5081,172.55388888888888,5.3120174,3.5317001,1
5176,172.03222222222223,8.548403,3.6830254,1
5279,171.65,6.384691,1.1463398,1
5301,171.56444444444443,8.142512,3.5957062,1
5357,171.3552777777778,6.8459687,3.8298872,1
5412,171.13083333333333,7.165448,1.5739726,0
5479,170.91972222222222,7.293033,3.989215,1
5607,170.5102777777778,7.533793,3.9895542,1
5620,170.4391666666667,7.2053633,2.4865446,1
5666,170.0427777777778,4.336191,3.3764074,0
5722,169.355,7.156619,4.881197,1
5731,169.27972222222223,7.040136,1.5245035,0
5733,169.26666666666668,6.5659356,2.0188558,1
5738,169.2313888888889,6.506511,3.449864,1
5756,169.12916666666666,8.502414,4.0106497,1
5768,169.0011111111111,7.4262867,0.41923463,0
5783,168.78166666666667,5.6910224,3.0723803,1
5789,168.7211111111111,7.679451,1.3335687,0
5806,168.58444444444444,6.6975813,1.2484305,1
5840,168.23166666666663,8.071022,4.3202357,0
5845,168.19666666666666,6.0895247,1.9476203,1
5931,167.31694444444443,5.7201414,1.9028196,1
5938,167.2263888888889,7.0783587,3.3542027,1
5993,166.86277777777778,6.978684,0.6665856,0
6006,166.77944444444444,5.3808036,7.03136,0
6075,166.29,6.6911087,1.9795475,1
6099,166.1025,7.610518,1.0849146,0
6112,166.05916666666667,7.346083,1.0683688,0
6126,165.97472222222223,7.6031046,3.5702043,1
6172,165.5836111111111,7.818276,1.0115122,0
6192,165.4388888888889,5.920978,2.2452323,1
6197,165.41444444444446,6.7781353,2.4147937,0
6227,165.2697222222222,8.316835,1.4430662,1
6229,165.22861111111112,4.830579,3.624304,1
6232,165.2175,10.90963,5.8983307,1
6241,165.16305555555556,4.8413897,3.5812397,1
6269,165.0077777777778,8.187791,1.3360056,0
6298,164.86666666666667,5.385173,1.856075,0
6314,164.78944444444446,6.438054,2.1447496,0
6325,164.69,7.2101836,1.1329447,1
6333,164.66472222222222,6.42088,1.5838299,1
6334,164.66444444444446,6.233886,0.8230206,0
6339,164.59777777777776,6.541033,6.261838,0
6342,164.58527777777778,6.5189104,5.0159116,1
6348,164.55,5.383752,7.017222,0
6355,164.49194444444444,6.718403,0.42559972,0
6361,164.46416666666667,6.340816,-0.08977755,0
6371,164.40972222222223,4.9965105,3.483253,1
6381,164.36111111111111,4.9688454,3.5751984,1
6395,164.30083333333334,6.747885,2.3046386,0
6399,164.285,8.5193,0.59437966,1
6466,164.0225,6.451766,0.74053395,0
6467,164.01722222222222,7.4823833,1.5071913,0
6489,163.92083333333332,5.9316077,1.4084408,1
6509,163.7747222222222,7.7492466,1.3901178,1
6553,163.49916666666667,4.7169094,2.3173053,0
6570,163.4261111111111,6.4155054,2.4285617,1
6578,163.38805555555555,7.351111,4.504659,1
6581,163.3725,6.79961,0.6126187,1
6619,163.035,7.5907736,2.5509307,0
6628,163.00055555555556,7.159796,0.5269202,0
6680,162.60083333333333,8.263707,1.6313365,1
6685,162.58444444444444,6.321459,1.8964124,1
6692,162.55916666666667,5.418676,7.018391,0
6762,162.0075,5.4999375,2.263728,0
6774,161.93833333333333,3.4891264,2.1625412,0
6779,161.87833333333333,6.8196497,0.84894687,0
6819,161.5361111111111,6.864629,1.9612217,0
6846,161.41555555555556,7.268296,1.2100182,1
6852,161.36694444444444,7.626206,2.9089606,0
6865,161.30555555555554,8.824965,1.9673516,1
6903,161.13888888888889,3.8621478,1.3690922,1
6905,161.13361111111112,9.989252,3.7815502,0
6939,161.00861111111112,7.720109,3.8941512,1
6947,160.97722222222222,7.1100574,3.560607,1
7005,160.6588888888889,5.1609035,3.5142462,0
7008,160.64194444444445,8.751973,2.076656,1
7042,160.4813888888889,6.138273,3.255047,1
7056,160.39916666666667,7.41065,3.2485907,0
7075,160.3111111111111,6.89111,1.5385484,1
7126,160.0375,10.184758,3.7203493,1
7137,160.00444444444443,6.3437223,2.4859455,1
7165,159.85083333333333,6.799692,3.5573506,0
7170,159.81444444444443,7.3364644,0.8216459,0
7212,159.5661111111111,6.1622505,3.0666978,0
7270,159.26361111111112,3.5522761,10.449791,1
7275,159.25027777777777,7.1681247,0.50171405,0
7296,159.15333333333334,6.110797,3.291091,0
7322,159.04638888888888,10.350637,2.791817,1
7330,159.0363888888889,6.1944137,1.4545983,1
7339,158.97472222222223,8.286968,1.6319464,1
7398,158.61277777777778,5.616263,6.4236994,0
7433,158.485,6.061689,3.6007326,1
7495,158.1197222222222,5.1656556,2.0872126,1
7528,157.94611111111112,5.8454804,1.2724906,0
7539,157.86194444444445,7.124223,3.1051583,1
7550,157.76444444444445,6.7891793,5.3301353,1
7554,157.72083333333333,3.9524214,2.286241,0
7597,157.52555555555554,6.5266027,1.5210692,1
7603,157.5036111111111,5.608897,4.508097,1
7641,157.2516666666667,4.8653107,3.4238129,0
7642,157.25,6.720947,1.7647922,0
7659,157.14527777777778,7.3838744,2.9170294,0
7694,156.80194444444444,7.3363533,1.5367887,0
7695,156.79888888888888,8.34504,0.9370248,0
7718,156.5775,7.2942405,3.6850712,1
7777,155.93416666666667,5.6142683,5.157989,1
7822,155.29416666666663,5.236397,0.6315775,0
7824,155.2483333333333,6.6737175,3.4207692,0
7831,155.14916666666667,9.13473,2.0253525,0
7849,154.9386111111111,7.0531306,4.7021832,0
7852,154.91305555555556,7.834,3.5484867,1
7853,154.8875,6.472024,0.47730005,1
7904,153.5363888888889,9.631941,2.081987,1
7911,153.41166666666666,5.5837893,3.3834274,1
7918,153.19,8.232543,3.0240374,1
7939,152.66916666666663,10.224079,3.8771553,1
7941,152.60861111111112,4.8161993,6.6718793,0
7987,150.7786111111111,10.094088,1.9602404,1
8005,150.29194444444445,6.8646116,2.8811307,1
8019,149.79166666666666,4.6835995,3.417536,1
8043,149.145,7.4956093,3.3594608,1
8046,149.09972222222223,6.6701417,5.4411774,1
8051,149.06194444444444,10.379645,6.7701845,1
8080,148.59472222222223,6.742161,4.069977,0
8083,148.57,7.122845,4.8567247,0
8098,148.30527777777775,7.704553,1.6391927,1
8120,148.0288888888889,6.64166,2.7888017,1
8192,147.36805555555554,6.8846145,4.154506,1
8208,147.21777777777777,6.4398007,1.8086077,1
8248,146.81694444444443,6.0853424,3.400748,1
8269,146.60444444444445,5.8657584,3.3594675,0
8276,146.51361111111112,3.5734456,3.0138714,1
8288,146.435,5.6539474,5.1607537,1
8326,146.08166666666668,5.037687,5.3350716,1
8350,145.8925,9.116212,2.5292454,0
8388,145.65305555555557,7.096237,1.3242569,1
8389,145.64416666666668,7.0892353,1.4008002,1
8452,145.11833333333334,6.8630576,3.7342591,1
8478,144.91083333333336,7.1606793,0.5337625,0
8491,144.8288888888889,5.5772233,5.2314425,0
8501,144.77166666666668,4.690639,3.445132,0
8512,144.7038888888889,4.707277,3.520157,1
8516,144.68555555555557,8.138869,3.6579597,1
8609,144.02416666666667,7.1775045,3.3911574,1
8621,143.9538888888889,7.987717,2.044476,1
8670,143.58555555555557,8.174862,2.3543901,1
8688,143.44944444444445,8.604941,2.5398974,1
8691,143.41472222222225,7.933601,0.91369414,0
8721,143.21222222222224,7.477889,3.7694924,1
8731,143.115,7.627754,4.0793767,1
8745,143.03944444444446,5.604993,5.245616,1
8791,142.75000000000003,6.93656,1.7322354,1
8800,142.68722222222223,5.2759314,2.1065798,1
8809,142.61,6.1002216,1.5988146,1
8824,142.4575,5.2455773,2.0577717,1
8825,142.45277777777778,8.5641775,6.0723042,0
8843,142.30611111111114,6.3780203,3.2326028,1
8846,142.2591666666667,5.0123663,2.216286,0
8871,142.04000000000002,7.5516253,1.4631343,0
8883,141.95722222222224,5.518821,2.0169466,1
8892,141.90333333333334,6.9043484,3.626935,0
8899,141.86666666666667,6.972327,1.678203,1
8911,141.7975,6.6661344,1.5188625,1
8926,141.70583333333337,7.9998393,1.4861583,1
8931,141.66638888888892,7.1744056,1.1523888,1
8945,141.54472222222225,6.967301,1.4982936,1
8956,141.4913888888889,9.232701,1.9068513,1
8970,141.3677777777778,5.979729,3.3504796,1
8981,141.2902777777778,7.3476577,3.708247,1
9016,141.16111111111113,11.835018,5.0458236,1
9167,140.51777777777778,7.1061954,2.226361,1
9186,140.4102777777778,3.0322416,3.8079083,0
9189,140.40861111111113,7.053402,0.75877625,1
9193,140.38666666666668,6.3684072,6.1580477,0
9241,140.1852777777778,6.880419,0.6851648,0
9279,140.01555555555558,6.2469654,1.4765646,1
9351,139.5991666666667,6.2152514,5.8801093,0
9365,139.53333333333336,8.335804,4.2104144,0
9367,139.53083333333336,8.282856,1.3421284,0
9377,139.49555555555557,6.8410563,3.3294096,1
9381,139.48722222222224,5.346458,3.4660149,1
9393,139.4177777777778,6.9259615,3.2155383,0
9405,139.3313888888889,5.6289325,1.3201294,0
9441,139.1588888888889,7.3066807,3.5452313,1
9449,139.1277777777778,7.643751,0.9827472,0
9452,139.10194444444446,6.354917,3.421779,0
9558,138.66750000000002,10.415393,2.3261812,1
9571,138.59500000000003,6.992483,1.281904,1
9588,138.50861111111112,6.7935047,2.162756,0
9591,138.5041666666667,5.784081,5.103333,1
9596,138.49305555555557,6.777392,1.7418028,0
9605,138.44333333333336,6.6327066,0.964099,0
9607,138.42861111111114,7.4648857,3.206783,0
9623,138.39222222222224,5.7305894,5.0552993,1
9731,137.8741666666667,5.227256,2.2988038,0
9732,137.8675,7.942374,1.4934127,1
9736,137.85500000000002,10.2678585,2.2009323,0
9737,137.8488888888889,4.6379375,2.510374,0
9769,137.675,6.537806,3.322186,1
9775,137.63472222222225,4.707054,3.343876,0
9849,137.38694444444445,8.167379,3.5967305,1
9850,137.38333333333335,8.198824,1.0494791,0
9904,137.1511111111111,8.7206135,6.833179,1
9907,137.1352777777778,8.494117,2.98186,1
9938,137.01694444444445,7.653784,0.94284934,0
9982,136.89472222222224,5.277711,1.290886,0
9997,136.84611111111113,7.120086,1.0916804,0
10040,136.70472222222224,5.1412334,3.6119626,1
10046,136.67666666666668,6.118696,2.9637969,0
10057,136.65,2.9012177,2.7222347,0
10089,136.50305555555556,7.392855,3.5829513,1
10120,136.36,4.786762,2.2309656,0
10130,136.32111111111112,3.6942296,3.4882689,1
10190,136.0886111111111,7.4660397,3.4458401,0
10206,136.01555555555558,7.6450114,4.44159,1
10241,135.91250000000002,10.734912,5.0692406,1
10248,135.88861111111112,9.199151,2.4606779,1
10261,135.8441666666667,6.9798512,0.7843801,0
10310,135.7002777777778,7.255544,2.3808405,1
10348,135.55,6.568612,1.0033793,0
10362,135.50000000000003,4.76038,6.6584353,1
10412,135.28444444444446,6.6674767,6.2365303,1
10616,134.3166666666667,6.407153,3.5484514,1
10650,134.15555555555557,7.0938277,5.147279,1
10707,133.8427777777778,6.5847874,6.0203657,0
10810,133.35694444444445,6.696127,3.6133847,1
10814,133.3152777777778,6.679175,2.5841537,1
10854,133.0916666666667,9.435001,2.3090243,1
10928,132.71333333333334,8.644357,1.6600164,1
10935,132.66444444444446,8.154243,1.162419,0
11005,132.20916666666668,8.171054,2.059647,1
11006,132.19861111111112,8.642431,2.495473,1
11129,130.7002777777778,7.220798,3.2924705,0
11150,130.1677777777778,6.789063,2.4083443,1
11179,129.58694444444444,7.4330277,0.54045236,1
11196,129.24527777777777,7.0282288,2.7797065,1
11259,127.4275,7.513205,0.48458442,1
11261,127.06833333333331,6.0559154,3.239322,0
11347,125.01527777777778,6.7254386,6.6112723,1
11363,124.79555555555557,7.4699244,3.282966,1
11367,124.75638888888888,8.043141,3.5579932,0
11374,124.70111111111112,6.02716,1.3133491,0
11384,124.55111111111113,7.9684014,1.067045,1
11396,124.41444444444444,5.1184154,3.5933142,1
11410,124.25111111111111,5.9355187,-0.11079452,0
11414,124.1986111111111,7.7237844,3.2500434,0
11462,123.45,7.7960377,3.9799228,1
11479,123.25805555555556,4.994446,2.50053,0
11503,123.00722222222224,6.2081923,3.6086495,1
11541,122.45,6.517363,3.4625301,1
11628,121.72,10.118079,2.0173957,1
11633,121.70944444444444,7.220308,1.0825038,1
11647,121.60666666666668,4.025063,3.398672,0
11682,121.46305555555556,6.632453,3.674642,1
11713,121.27944444444444,4.714239,2.7276182,0
11754,120.96416666666669,5.168452,4.810866,0
11761,120.90972222222224,4.969416,3.4328957,1
11781,120.70166666666668,8.160088,1.0182494,0
11783,120.70083333333334,8.210527,3.3691416,0
11854,120.21944444444443,7.111094,1.5045159,1
11861,120.17861111111112,7.174147,1.1402794,0
11870,120.11138888888888,8.814665,5.74021,1
11878,120.065,4.448698,0.86969316,0
11918,119.81138888888889,7.8873444,3.371515,1
11951,119.52777777777776,4.656798,2.218933,0
11961,119.46444444444444,6.1795425,3.491045,1
11975,119.39861111111112,7.466651,0.5315033,0
11982,119.36,4.592991,2.2396672,1
11991,119.31972222222224,9.459415,1.9955245,0
12007,119.25722222222224,6.0766478,3.4469507,1
12019,119.235,8.699587,2.5272336,1
12043,119.10416666666669,6.3762407,0.7466273,0
12086,118.93666666666668,10.190177,1.4173329,1
12114,118.85444444444444,2.6055636,3.7357788,0
12179,118.605,5.7300787,5.011495,1
12184,118.59055555555555,8.582091,1.941035,1
12191,118.56694444444445,6.9709735,1.6362244,0
12232,118.45055555555555,6.7242427,0.7161427,0
12282,118.29277777777776,8.964993,2.0826113,1
12346,118.06666666666666,6.8639774,1.5990888,1
12376,118.00222222222222,6.5301423,0.5836123,1
12443,117.82138888888888,6.240969,3.6725087,0
12458,117.78027777777778,6.5879054,3.677938,0
12463,117.75666666666666,4.904473,5.157574,1
12472,117.74222222222222,5.8593373,2.166599,1
12502,117.64277777777778,6.2730036,2.053231,0
12517,117.58694444444444,6.5119386,1.9697737,1
12551,117.49388888888888,7.214656,3.334715,0
12603,117.36361111111113,4.884744,3.8682601,0
12623,117.28916666666667,8.624547,0.53918386,0
12673,117.11833333333334,6.828995,0.529995,0
12726,116.94583333333334,4.9781694,3.397369,0
12750,116.87194444444444,7.0822606,1.580595,1
12755,116.85666666666668,6.58589,6.0149865,0
12765,116.81861111111112,6.8650713,3.0369349,1
12805,116.63638888888887,7.311828,3.3042674,0
12869,116.38083333333331,6.6085114,6.1230063,1
12874,116.36277777777778,6.6507387,1.5031066,1
12882,116.30472222222222,5.2076454,3.4906864,1
12888,116.29194444444444,6.571583,6.312293,1
12898,116.24166666666666,10.1451025,1.9705163,0
12916,116.19638888888888,5.2542586,3.4978187,1
12956,116.0725,6.6315427,6.439289,1
12957,116.06722222222224,10.252833,3.525844,1
12987,116.0038888888889,6.383587,3.435265,0
13000,115.9425,6.8357296,1.6107382,1
13005,115.93111111111112,5.633717,3.6664436,0
13046,115.81388888888888,7.7080116,0.71106136,0
13064,115.74194444444444,8.102723,1.161999,0
13093,115.62722222222222,9.417193,1.9879601,0
13114,115.58666666666667,7.7753677,0.76569676,0
13179,115.4375,5.37251,6.207173,0
13254,115.27083333333331,5.5445676,4.601768,0
13270,115.22666666666667,3.1225235,2.9538102,0
13279,115.22222222222224,6.4128647,4.0807776,1
13289,115.18444444444444,7.1078453,2.3031025,0
13323,115.09166666666668,7.8506603,1.3621992,0
13371,114.99111111111112,8.814571,4.111677,1
13379,114.97527777777778,7.4608397,0.8943447,0
13391,114.94805555555556,5.433252,6.922301,0
13419,114.87,7.438773,4.766481,1
13421,114.86722222222222,7.8236175,4.423651,1
13427,114.86305555555556,6.822384,1.8581333,1
13430,114.85277777777776,6.7892356,0.7557664,0
13439,114.83416666666666,5.6601686,3.6172986,1
13460,114.79583333333332,3.0796635,3.1727884,0
13475,114.77027777777778,6.5509057,4.815679,0
13508,114.69,8.027445,3.3618157,0
13590,114.515,5.360942,6.459356,0
13591,114.51444444444444,7.0458508,1.605961,1
13602,114.49638888888887,6.2726727,0.68168503,0
13622,114.44361111111112,6.043677,3.9104064,0
13663,114.29611111111112,8.231433,1.1655579,0
13755,114.04666666666668,7.5976233,1.7693307,1
13758,114.04388888888889,6.6969886,1.6856585,1
13818,113.93277777777776,8.988972,4.9107676,0
13834,113.89333333333332,10.525158,4.5854573,0
13843,113.8675,7.3514767,0.5041814,0
13844,113.86638888888888,5.9082184,0.53364265,0
13882,113.75638888888888,4.275775,0.831057,1
13884,113.75111111111111,5.2884994,6.8584065,0
13938,113.61027777777778,6.6092753,3.2105043,0
13943,113.59861111111113,5.2085304,5.3653283,0
13968,113.53555555555556,7.012049,1.1930795,0
13999,113.4725,6.548873,-0.35073352,1
14004,113.44444444444444,7.3977046,2.7513275,0
14042,113.33027777777778,6.7455606,1.6986688,1
14064,113.26638888888888,9.716399,1.5068684,1
14112,113.1525,6.7963834,1.5026242,0
14142,113.07111111111112,8.233057,3.5409615,1
14223,112.88472222222222,7.3099246,3.4109907,1
14243,112.80527777777776,10.066099,3.3253243,1
14248,112.79861111111111,6.476866,3.402948,0
14254,112.78194444444443,5.6027093,2.7441866,1
14292,112.71944444444443,6.840734,0.97104007,0
14326,112.66444444444444,6.9262433,1.8572406,1
14335,112.63416666666669,8.296907,1.427098,1
14380,112.55611111111112,11.503069,4.1622868,1
14403,112.51416666666668,7.4341135,3.5477073,1
14413,112.50138888888888,6.95327,3.0363617,0
14431,112.47583333333333,7.0207014,0.25939897,1
14488,112.36972222222222,8.167402,1.6117629,0
14515,112.3225,4.2445803,2.968227,1
14541,112.26694444444443,8.596776,5.9805174,1
14545,112.25527777777778,6.3936644,0.059233878,1
14556,112.23583333333332,7.7222223,1.3538114,0
14632,112.11805555555556,5.452914,1.2346759,1
14660,112.07638888888889,6.686296,1.6234707,1
14664,112.07194444444444,6.102691,3.546853,0
14665,112.07138888888888,5.638765,1.2004704,1
14751,111.95388888888888,6.595244,1.5304301,1
14771,111.9186111111111,7.05362,1.5643178,1
14784,111.90055555555556,8.52691,1.9410112,1
14820,111.83333333333331,7.504404,1.5321751,0
14842,111.80194444444444,5.3698444,1.1273582,1
14853,111.78222222222222,5.270732,6.494356,0
14879,111.75194444444443,7.5571055,4.138073,1
14907,111.69638888888888,9.269312,3.1433485,1
14933,111.64861111111112,4.67608,3.2207615,0
15033,111.49055555555556,9.397494,5.952371,1
15121,111.35555555555555,6.4078813,1.455646,1
15141,111.31361111111111,7.315861,1.5287976,1
15143,111.31027777777778,6.7007008,5.499091,1
15174,111.27166666666666,6.9425907,2.2158084,1
15187,111.2538888888889,8.229918,2.430178,1
15198,111.23944444444444,4.8728094,3.4378803,1
15222,111.19055555555556,7.4024415,3.154347,0
15285,111.08527777777778,6.0167985,4.0659037,1
15292,111.07777777777778,5.277908,6.5618258,0
15331,111.0125,5.21963,6.3386073,0
15366,110.94666666666669,5.2660885,5.6014132,0
15375,110.93083333333334,6.466544,2.4568934,0
15406,110.87527777777778,8.301842,1.8178629,1
15418,110.83722222222222,4.1182775,1.4026313,0
15423,110.82305555555556,5.2354918,3.5118158,0
15445,110.79055555555556,5.1892953,3.291522,1
15489,110.73333333333332,10.382903,2.0407135,0
15492,110.72833333333334,7.0290585,1.6049024,1
15494,110.72666666666667,9.402256,2.5491695,1
15497,110.72055555555556,6.25634,0.8806149,0
15500,110.71888888888888,6.3930836,4.4318757,1
15629,110.44694444444444,7.4160433,2.8936694,0
15659,110.4113888888889,7.87568,1.1497853,1
15672,110.37166666666668,10.229984,6.571102,1
15676,110.36555555555556,6.9445148,3.4971652,1
15681,110.36111111111111,10.300972,3.1059496,1
15683,110.35861111111112,7.0463376,4.3912,0
15697,110.3463888888889,9.040865,6.0244746,1
15712,110.30916666666668,7.587074,1.839501,1
15753,110.25972222222222,7.516524,3.4563367,0
15790,110.21194444444444,6.51086,2.9326327,1
15811,110.17472222222224,9.22852,5.3518987,0
15957,109.94222222222224,7.6525545,3.6594675,1
16064,109.7538888888889,6.703715,1.6146924,1
16085,109.7161111111111,7.3630724,3.3613737,0
16117,109.64666666666666,6.391544,0.4886976,0
16138,109.60111111111112,8.537084,1.8582942,1
16177,109.53111111111112,8.626358,2.0902057,1
16232,109.43916666666668,7.3685303,4.1128173,1
16233,109.43444444444444,7.097921,1.6258208,0
16269,109.3711111111111,9.466173,3.6730542,1
16283,109.33194444444445,6.7577,1.82256,1
16294,109.32333333333334,5.7686234,2.3860655,0
16302,109.30166666666666,7.806408,1.2200125,1
16348,109.23666666666666,6.3751316,3.466432,1
16379,109.16472222222222,9.136171,5.1090283,1
16430,109.04694444444443,12.171941,0.15560444,0
16453,109.0111111111111,9.55299,2.1811588,0
16491,108.97,6.656592,2.685595,1
16524,108.89916666666667,5.6647487,5.636245,0
16566,108.82861111111112,6.9709787,2.7537608,1
16578,108.7875,4.839676,3.471445,0
16595,108.74416666666669,6.6613517,3.1999233,1
16750,108.04305555555555,5.7756057,2.4620147,0
16753,108.02388888888888,7.680628,4.099404,1
16867,107.49083333333331,7.063108,0.24800025,0
16880,107.41527777777776,5.8972297,2.049114,0
16915,107.2838888888889,7.669118,7.6684756,0
17005,107.00083333333332,7.0377054,4.050275,1
17037,106.95027777777776,6.536073,-0.48286802,1
17108,106.62583333333332,7.037896,4.074406,1
17137,106.53416666666666,8.769398,5.8866696,0
17143,106.50527777777778,10.055983,0.5350147,1
17156,106.45333333333332,9.410728,2.4126685,1
17217,106.1175,5.982623,1.2458333,1
17223,106.09388888888888,6.808346,3.2075655,1
17249,105.97694444444444,7.785223,4.3404183,1
17263,105.89833333333333,5.7297606,2.6159205,1
17317,105.58722222222222,6.9913487,3.060869,1
17349,105.39194444444443,10.268201,6.6145616,1
17371,105.2575,5.751389,0.81013685,1
17417,105.0325,5.7020864,3.237687,0
17464,104.73222222222222,1.9834049,3.4842675,0
17465,104.72638888888888,6.0098405,3.419757,0
17515,104.46555555555555,4.0446935,3.150319,1
17553,104.28,7.3646245,3.8591027,1
17561,104.24055555555556,6.1945844,3.7470062,1
17594,104.1211111111111,10.168074,6.5110383,1
17610,104.03305555555556,10.173464,1.7753876,0
17643,103.8975,6.4148436,3.0971029,0
17671,103.735,7.498437,3.9017637,0
17677,103.69277777777778,7.5292716,4.0337405,1
17746,103.31527777777778,6.8099365,1.7006325,1
17757,103.25722222222224,4.565459,4.2842016,1
17778,103.13972222222222,5.479624,3.5876932,1
17789,103.10583333333334,8.007875,3.7947474,1
17791,103.1025,10.028427,0.65340346,1
17824,102.96277777777776,7.1995482,3.7143471,1
17839,102.90777777777778,6.6514606,2.0562294,1
17845,102.89111111111112,8.3454895,3.9196644,1
17860,102.83472222222224,6.43852,3.2063336,0
17868,102.805,7.3704095,2.9164608,1
17885,102.7225,5.7599125,3.595437,0
17981,102.40972222222224,5.521336,6.812406,1
18011,102.29277777777776,7.3281827,3.0200806,0
18027,102.2525,6.6048646,2.1051974,1
18034,102.21944444444443,5.498696,4.3925443,0
18091,102.05194444444444,5.7456975,2.3946366,1
18093,102.04666666666668,5.928916,-0.21641079,1
18097,102.04083333333334,5.93437,-0.21810696,1
18101,102.03222222222222,5.9424505,-0.22175613,1
18110,102.00166666666668,5.9362617,-0.21719593,1
18117,101.98666666666666,5.936051,-0.21980004,1
18160,101.87694444444443,7.864595,1.701785,1
18169,101.85333333333334,3.4538634,2.8252437,0
18208,101.75555555555556,2.2798018,3.4588308,0
18262,101.63138888888888,9.36938,2.2770925,0
18266,101.62222222222222,8.90077,2.102779,1
18311,101.54972222222224,6.104683,1.0463454,0
18324,101.52361111111112,5.230152,3.6744194,0
18347,101.49222222222222,6.204945,1.9245043,0
18357,101.47305555555556,5.9357924,-0.21741983,1
18396,101.40444444444444,6.5777783,2.9352052,1
18444,101.3338888888889,6.6150103,3.3884957,1
18462,101.3086111111111,6.6573615,2.9597135,1
18469,101.29805555555556,5.18354,4.0832047,0
18476,101.29388888888889,8.507297,2.1504335,1
18491,101.26666666666668,7.883672,3.8953233,1
18496,101.25638888888888,6.2938147,1.6091584,1
18549,101.1661111111111,10.830714,5.9204407,1
18617,101.05638888888888,6.8896294,5.0889378,1
18668,100.96194444444444,10.306955,6.705208,1
18692,100.92972222222222,7.3422604,0.58689654,1
18727,100.88861111111112,6.116813,4.1832743,1
18732,100.87583333333332,7.2905416,1.5743732,0
18745,100.85527777777776,7.325581,0.613872,1
18753,100.84166666666668,9.513693,2.34668,1
18759,100.83333333333331,7.339223,0.6123196,1
18763,100.83,5.8977532,4.657624,1
18784,100.78333333333332,7.324275,0.61562395,1
18793,100.77388888888888,7.8554125,4.0838113,0
18809,100.75777777777778,8.469616,1.8717599,1
18839,100.71,8.298003,5.70385,0
18856,100.67916666666666,11.772281,3.9434383,0
18972,100.54638888888888,8.129688,7.483765,0
18997,100.51583333333332,4.969891,3.4515421,1
19044,100.45777777777778,7.3761945,3.2678976,1
19053,100.44777777777776,4.4885707,2.976077,0
19068,100.42611111111113,10.856518,5.954559,1
19078,100.41333333333333,7.932976,1.4389985,1
19112,100.36111111111111,3.6379974,4.5782104,1
19115,100.35333333333334,10.317326,2.486736,0
19138,100.31444444444443,8.684591,4.1537657,1
19155,100.2911111111111,9.636478,1.841287,0
19157,100.28861111111112,9.309105,2.1338825,1
19201,100.23388888888888,8.065925,7.421304,1
19229,100.19833333333334,6.801129,3.422686,0
19249,100.17472222222224,7.1823416,3.8452086,0
19288,100.09972222222224,8.576996,5.816552,1
19347,100.01777777777778,3.7593265,3.6162071,1
19403,99.94611111111112,6.7661285,3.0086567,1
19420,99.915,9.9488535,3.4093347,0
19485,99.83416666666666,10.324693,6.7336526,1
19521,99.7825,8.092108,2.735723,1
19522,99.78194444444443,7.022671,3.9710314,1
19526,99.77361111111112,8.199376,1.9836098,1
19550,99.74222222222222,8.26228,5.6940646,1
19571,99.71972222222222,7.1149554,4.077661,0
19685,99.58722222222222,6.4822187,2.9978335,1
19724,99.55388888888888,7.964391,4.1675706,0
19760,99.51694444444443,10.052644,0.5165285,1
19796,99.47055555555556,9.418479,3.645795,1
19861,99.41638888888887,6.274094,3.3432527,0
19872,99.4011111111111,7.5940623,7.455609,1
19879,99.39166666666668,5.410044,3.592029,0
19896,99.37194444444444,8.425416,7.363814,1
19915,99.34,10.077475,0.5603398,1
20022,99.225,8.980882,5.726791,1
20030,99.21694444444444,5.755165,1.8885574,0
20084,99.16361111111112,6.172525,2.020084,1
20107,99.14611111111113,9.210722,2.0023441,1
20163,99.08472222222224,4.7349963,6.5841093,1
20188,99.0586111111111,7.0154095,1.7534406,1
20197,99.05333333333331,7.0093327,2.3701143,1
20214,99.03916666666667,8.628009,1.887696,1
20221,99.03166666666668,8.271863,6.521532,1
20228,99.02527777777776,5.4606657,1.8447222,0
20243,99.0075,10.736271,5.8233585,1
20270,98.98472222222222,3.9932244,4.1198077,1
20322,98.93138888888888,5.962741,1.7483869,1
20336,98.91805555555555,7.1258965,0.73060447,0
20338,98.91694444444444,4.9872627,2.2327476,1
20347,98.91083333333331,5.3709,3.5356202,0
20352,98.90722222222222,5.0331326,2.587106,1
20355,98.90333333333334,7.396339,3.2120905,1
20381,98.88083333333331,4.52629,3.1994312,1
20382,98.88055555555556,7.4901805,3.740811,0
20403,98.86138888888888,8.102476,4.085979,0
20507,98.7625,5.1764884,3.6286812,1
20543,98.71972222222222,6.1715364,3.7489064,1
20566,98.69777777777776,6.2821817,5.9647794,1
20734,98.51305555555555,8.185598,3.9404242,0
20744,98.5,7.778343,2.870018,1
20762,98.48083333333334,4.674098,2.138253,0
20764,98.47972222222222,6.6832166,2.0238032,1
20766,98.47583333333333,10.007633,3.0559254,0
20792,98.4425,6.720735,2.175894,0
20798,98.43888888888888,6.8794155,3.2227511,1
20827,98.3938888888889,5.8836894,2.625936,1
20831,98.39222222222222,7.9415154,3.7655683,1
20909,98.31611111111113,10.111986,0.49687088,1
20930,98.29444444444444,10.087598,0.4967424,1
20967,98.24777777777778,9.353453,2.1627924,0
20998,98.22166666666666,5.2708907,3.5473802,1
21062,98.15555555555557,9.059036,5.995183,1
21063,98.15527777777778,10.320538,2.2864974,1
21089,98.12611111111111,9.713452,3.1273303,1
21111,98.10666666666668,10.859074,5.9711328,1
21121,98.09916666666666,7.3648396,4.0295362,1
21201,98.02333333333333,4.7372565,3.4178643,1
21315,97.90388888888889,8.3050585,6.764462,1
21356,97.86638888888888,12.206922,0.14571534,1
21421,97.81694444444445,5.874186,4.4267216,1
21469,97.76611111111112,4.375657,3.5209682,1
21524,97.70111111111112,7.5748234,3.3407373,0
21541,97.68083333333334,7.4211664,1.9667139,1
21557,97.6625,7.8363924,7.529645,1
21568,97.65055555555556,9.027591,3.2065496,1
21585,97.63,7.6744723,4.6053963,0
21605,97.60333333333334,6.927518,1.6035463,1
21612,97.6,6.9851017,2.6951168,1
21728,97.4563888888889,7.801427,3.7003498,1
21741,97.44388888888888,9.770675,1.9354014,1
21751,97.42722222222224,6.4510045,1.8667034,1
21779,97.39722222222224,7.780597,4.642391,0
21820,97.35777777777778,6.3592234,1.8707312,1
21825,97.35083333333333,3.768902,2.9985325,0
21826,97.35027777777778,8.349122,7.5908546,1
21853,97.3313888888889,7.7044992,1.5841582,0
21865,97.32111111111112,8.047967,4.6509085,1
21869,97.31916666666666,6.4084635,3.544814,1
21905,97.27888888888889,6.337118,1.8704427,1
21921,97.26333333333334,10.034359,2.4725146,1
21976,97.21111111111112,10.615209,5.878762,1
22039,97.12666666666668,8.154332,0.96282476,1
22049,97.11527777777778,6.6783524,1.8433338,1
22057,97.10944444444443,7.4733415,3.7160742,1
22067,97.0911111111111,10.283852,5.5567484,1
22093,97.0575,10.313324,2.0028167,0
22102,97.03888888888888,7.6687794,4.427218,0
22114,97.02722222222222,10.668258,5.7499824,1
22183,96.95305555555557,6.9083757,5.0218706,1
22281,96.83361111111113,9.401951,2.4142542,1
22294,96.82055555555556,7.949487,7.644387,0
22323,96.78527777777778,8.029358,7.308429,1
22338,96.76611111111112,8.482816,5.3364234,1
22434,96.64027777777778,12.21061,0.1406486,0
22537,96.51138888888887,6.6876864,3.4498749,1
22602,96.42277777777778,6.379686,2.360823,0
22609,96.41027777777778,6.75787,5.0924582,0
22618,96.4025,6.8369,5.0940795,0
22631,96.38361111111112,7.7608566,1.6887321,1
22647,96.36361111111113,8.4318905,3.9641044,1
22652,96.35638888888889,7.8930435,4.2816515,1
22668,96.33972222222222,6.244651,1.4745659,1
22673,96.33111111111111,4.698266,3.4190056,1
22742,96.24527777777776,6.794248,3.3029528,1
22748,96.2375,7.2810597,3.834731,1
22769,96.19833333333334,10.581507,5.7324777,1
22816,96.125,5.5923758,3.6357749,1
22846,96.08194444444445,7.4907384,4.3744445,1
22874,96.03444444444445,6.1828947,2.9478614,1
22919,95.9563888888889,7.628359,5.451586,1
22953,95.90333333333334,5.1207304,1.7422485,0
23002,95.84805555555556,2.2436132,3.664688,0
23018,95.82,5.5295763,5.9690366,1
23051,95.76472222222222,7.8485465,1.2483212,1
23173,95.55638888888888,5.318413,2.213036,1
23176,95.55333333333331,5.4824243,6.30021,1
23195,95.5125,5.2561355,6.3528585,1
23244,95.43972222222222,3.0575526,2.677859,1
23260,95.41666666666669,4.885177,3.5108001,1
23270,95.40638888888888,7.627593,5.492778,1
23280,95.38916666666668,6.821024,1.8219781,1
23333,95.33583333333333,3.6674685,4.45507,0
23387,95.26222222222222,8.316606,7.0275807,1
23405,95.24,6.6810265,3.043725,1
23472,95.17138888888888,7.974052,5.3076715,0
23486,95.1575,6.5836673,3.6090832,0
23490,95.14722222222224,7.5495195,5.188684,1
23537,95.09555555555556,11.135743,5.1229353,1
23546,95.0825,7.995795,4.623026,0
23580,95.03361111111111,10.2128725,5.522588,1
23623,95.0,9.235841,4.891812,1
23624,94.99861111111112,4.6133523,3.4371035,1
23643,94.9725,6.113777,3.8875456,0
23728,94.87777777777778,8.538945,7.264386,1
23739,94.86861111111112,7.4851346,4.335487,0
23747,94.85694444444444,5.6293945,3.532101,1
23768,94.83694444444444,7.3176327,3.0205727,0
23841,94.74083333333331,7.320856,3.3526733,0
23847,94.73194444444444,7.528525,4.6313944,1
23889,94.66666666666669,7.5389166,3.4917345,1
23917,94.62833333333332,10.407824,3.113164,0
24013,94.53111111111112,10.94805,4.415713,0
24030,94.50083333333332,7.2818685,1.407217,0
24054,94.46638888888889,10.016926,6.0654244,1
24085,94.41222222222224,3.4130888,3.6346939,0
24105,94.39416666666666,10.140274,5.513294,1
24126,94.36416666666666,5.152192,2.1897218,0
24162,94.32833333333332,8.265977,1.7418123,1
24237,94.23472222222222,7.8912816,3.8946345,1
24261,94.2025,9.269848,7.5015864,1
24270,94.19666666666669,7.079344,0.89109695,0
24378,94.09,7.278006,4.0645657,1
24423,94.05416666666666,7.677498,3.2207925,1
24425,94.05277777777778,5.630476,3.6688461,1
24439,94.04,6.713258,2.2825232,1
24450,94.03222222222222,4.7937617,3.4533348,1
24507,93.9825,7.6100245,4.530055,0
24519,93.9575,7.5736485,3.749466,1
24522,93.95333333333332,6.0709453,1.5686748,1
24633,93.81888888888888,7.1001368,3.1238544,0
24647,93.80694444444444,7.404688,1.557034,1
24695,93.75555555555556,8.238523,7.320822,0
24718,93.72694444444444,5.022299,3.442203,0
24786,93.65777777777778,7.7966866,3.8403409,1
24833,93.59972222222224,6.5789566,1.8548706,0
24845,93.58944444444444,6.665929,2.9059324,1
24882,93.54944444444445,6.459879,3.3853257,0
25004,93.40277777777776,2.7522185,2.1367493,0
25008,93.39861111111112,7.395558,3.4299254,0
25029,93.37666666666668,9.385381,4.9554257,0
25075,93.32472222222222,3.7106006,3.7247188,0
25094,93.30722222222222,7.347597,3.3004143,0
25143,93.25111111111111,10.510266,4.978698,1
25145,93.25055555555556,6.2771945,1.4715377,1
25170,93.22638888888888,8.569452,5.1266665,1
25184,93.22,5.301406,3.6222794,0
25236,93.17777777777778,9.427864,2.4492998,0
25342,93.08638888888888,8.676533,5.5349946,0
25381,93.06361111111111,8.157966,4.216161,1
25385,93.06277777777778,7.680981,6.898949,0
25425,93.02666666666669,5.9292827,1.8887074,0
25445,93.01055555555556,6.794353,3.1456633,1
25554,92.90777777777778,6.0081596,4.0584593,1
25564,92.90194444444444,7.388926,1.7340834,1
25580,92.8788888888889,8.341913,6.8712935,0
25582,92.87833333333332,7.5625234,3.5106888,1
25707,92.73972222222224,7.3521185,3.0626323,0
25777,92.67611111111113,6.82846,3.561756,1
25844,92.61194444444445,9.905032,0.80094695,1
25899,92.54555555555557,7.731643,4.7085533,1
25917,92.52694444444444,8.525422,2.1670713,1
25944,92.49888888888889,7.8315973,4.141673,0
26016,92.39972222222222,6.0430093,3.367807,0
26018,92.39777777777778,8.532691,4.322112,1
26055,92.36027777777778,5.0502033,6.5091863,0
26064,92.35083333333333,6.654266,0.7775222,0
26094,92.3086111111111,7.9839754,2.068396,0
26143,92.25083333333332,6.245253,1.4801189,1
26168,92.23027777777776,5.3652363,3.580261,1
26184,92.20916666666666,5.9229155,4.724567,1
26224,92.14805555555556,8.795048,7.4608965,0
26239,92.13194444444444,3.4262073,3.034884,1
26278,92.09166666666668,6.3458223,5.063843,1
26325,92.05444444444444,5.325548,6.2203097,1
26334,92.03861111111112,8.67264,3.7212849,1
26336,92.03555555555556,6.691933,3.7582717,1
26352,92.01833333333332,6.886126,3.62004,1
26364,92.00361111111113,7.7175136,6.92698,0
26379,91.99333333333334,7.338856,3.0626943,0
26387,91.97916666666669,8.543868,6.4602532,1
26457,91.90666666666668,9.937394,5.360228,1
26463,91.9036111111111,6.881491,4.0238767,0
26471,91.89555555555556,10.088505,5.532803,0
26486,91.87722222222222,10.760096,4.800827,1
26579,91.77694444444444,9.438364,5.2939067,1
26588,91.7688888888889,7.0319686,2.356251,0
26615,91.74777777777778,6.853289,4.33261,0
26647,91.71277777777776,5.3412976,6.5473895,1
26669,91.69527777777778,3.5218842,4.635072,1
26674,91.69055555555556,6.88773,3.850071,1
26680,91.68444444444444,6.2595015,3.409568,0
26742,91.6125,9.059243,4.4535193,1
26757,91.6036111111111,6.929735,3.7343,1
26796,91.56138888888889,7.3180084,3.2651732,0
26805,91.55333333333331,7.2214966,0.6030525,0
26827,91.53277777777778,5.976374,0.72145593,1
26846,91.51722222222222,3.7561147,2.7337303,0
26868,91.5,6.8593287,3.148355,0
26878,91.48527777777778,5.321944,3.5528939,0
26914,91.44888888888887,7.4803195,4.0708876,1
26941,91.42333333333332,6.6950727,1.9754953,1
26956,91.40777777777778,8.718308,4.267256,1
26958,91.40638888888888,5.73329,1.0580268,0
27005,91.34972222222224,7.4088316,1.4538258,0
27025,91.32666666666668,6.1762247,4.6218786,1
27078,91.28305555555556,9.379881,2.4177418,1
27105,91.25138888888888,6.2006683,1.4688715,1
27110,91.24805555555557,9.277908,2.62156,1
27113,91.245,5.4406047,3.5857587,1
27135,91.22527777777778,8.092949,2.196545,1
27153,91.21305555555556,7.3835745,1.6058341,0
27164,91.20333333333332,7.4820027,3.9558954,1
27181,91.19083333333332,8.5088215,4.8706374,0
27183,91.18861111111111,4.7363753,2.838876,0
27184,91.18833333333332,10.330797,5.7353854,1
27194,91.1836111111111,10.053771,4.193732,1
27204,91.17555555555556,5.836123,3.6302977,1
27245,91.14888888888888,6.766707,3.488768,0
27252,91.1438888888889,6.358883,4.3027854,1
27269,91.13111111111112,3.7818208,3.4397202,0
27321,91.08583333333333,6.936415,3.55053,1
27325,91.08027777777778,4.7141886,4.1702027,0
27330,91.07472222222222,10.901091,3.449676,0
27373,91.03222222222222,5.723298,2.8860612,0
27475,90.9336111111111,7.2522335,2.7333622,1
27512,90.89361111111111,7.214532,2.6016238,1
27530,90.86694444444444,7.1336255,4.115328,0
27697,90.70083333333334,10.703147,3.4900942,1
27851,90.53472222222224,5.0182304,2.963941,1
27868,90.51388888888889,6.6267977,2.4998298,1
27883,90.50083333333332,6.6253676,1.3222051,1
27948,90.43611111111112,8.037064,7.197953,0
28036,90.3463888888889,8.348939,3.0531535,0
28046,90.33611111111112,8.239714,2.9593089,1
28058,90.31611111111113,6.853625,4.21241,1
28089,90.28694444444444,7.13547,0.55760396,1
28255,90.13972222222222,9.403955,2.8216944,1
28260,90.13777777777776,6.2693686,4.2607956,1
28317,90.07972222222222,4.2209177,4.60868,0
28330,90.06194444444445,8.580741,5.9053574,1
28421,89.96555555555555,6.4713535,3.4522755,1
28472,89.91083333333333,10.346804,3.9718394,1
28487,89.88472222222222,7.504741,5.0962763,1
28497,89.87555555555555,5.9525795,4.2925572,0
28531,89.84472222222222,7.0733056,3.241069,0
28558,89.82416666666667,9.392032,2.3602147,1
28571,89.81527777777778,11.6679535,4.1659846,0
28668,89.72972222222222,11.547553,4.167265,1
28684,89.70694444444445,3.316831,3.0419307,1
28694,89.69555555555556,2.4445095,3.658954,0
28706,89.68166666666667,6.242088,4.979658,0
28746,89.65,8.442559,2.343899,0
28758,89.64111111111112,5.8574367,1.637431,1
28794,89.6036111111111,6.670707,3.2302754,0
28826,89.57666666666667,10.439104,6.5361853,1
28911,89.50305555555556,8.592465,4.5661445,1
28999,89.43305555555555,6.480204,1.6969293,1
29032,89.39944444444444,4.245983,2.4349663,1
29051,89.3825,10.317233,4.575821,0
29061,89.36527777777778,5.4390135,3.3195484,0
29068,89.35944444444445,11.211825,4.4677086,1
29102,89.33416666666666,6.785989,2.9412484,1
29103,89.33416666666666,4.841431,3.4407606,0
29140,89.29472222222222,3.5737422,3.0562453,1
29248,89.22222222222223,5.4811764,2.3538253,1
29279,89.1975,6.8864784,3.9773688,1
29325,89.15583333333333,8.004526,5.3014145,0
29363,89.1175,4.784416,3.5066252,0
29380,89.10833333333333,7.1964936,1.267029,1
29389,89.10027777777778,5.938797,3.1562219,0
29407,89.09083333333334,7.774302,4.030764,0
29410,89.08916666666667,7.224938,4.052898,0
29415,89.08666666666667,6.4758162,0.50927866,0
29420,89.08416666666666,6.2366457,1.4496387,1
29431,89.07611111111112,4.990306,6.674664,1
29502,89.03527777777778,6.3654747,0.4846027,0
29508,89.03277777777778,4.9059978,1.9686967,0
29610,88.97305555555556,8.945837,6.3558135,0
29636,88.9563888888889,5.1573577,3.903295,0
29663,88.94222222222223,6.863976,1.8723123,1
29702,88.91722222222222,6.9029803,1.1975776,1
29723,88.89777777777778,8.844108,7.572338,0
29805,88.81888888888889,4.308943,3.1595545,0
29880,88.75111111111111,3.915729,2.0826154,1
29883,88.75027777777778,7.977027,5.256695,0
29925,88.71472222222222,6.7462916,3.497695,1
29941,88.70277777777778,3.5761447,3.0848944,1
29960,88.6875,7.602446,2.3098428,1
29966,88.68083333333334,9.930484,2.0954318,1
30142,88.525,9.305193,3.7434888,1
30155,88.515,7.0038595,3.9063613,1
30170,88.50555555555556,6.681777,2.3986008,1
30193,88.49083333333333,4.355913,0.82708246,1
30275,88.43194444444444,6.2026196,1.3998477,1
30288,88.42583333333333,6.8738246,4.3517175,0
30350,88.37194444444444,6.4906116,4.6885567,1
30353,88.36916666666667,5.287175,3.6011796,1
30359,88.36194444444445,6.53607,0.62778497,0
30490,88.25194444444445,5.3429565,3.5550678,1
30503,88.24055555555556,9.981429,6.131383,1
30573,88.18833333333333,7.2505174,3.83598,0
30614,88.16027777777778,8.079604,5.306941,0
30660,88.12472222222222,11.367838,4.204994,1
30673,88.1175,4.4035125,2.4953778,1
30708,88.085,7.7897906,5.362591,1
30751,88.05111111111111,9.566678,2.868373,1
30821,87.98388888888888,6.6014605,1.6921576,0
30839,87.96638888888889,7.184423,0.39398462,0
30851,87.95527777777778,7.556172,0.64787155,0
30932,87.88916666666667,8.619194,5.7692504,1
30966,87.86138888888888,8.39944,6.909052,0
30972,87.8536111111111,5.3876624,5.6522446,1
30989,87.84055555555555,6.500857,1.3205692,0
31061,87.775,9.097669,2.483316,1
31076,87.7575,8.742975,7.242734,0
31098,87.73416666666667,10.528421,5.2054815,1
31108,87.72083333333333,6.4040713,3.2477973,0
31153,87.66388888888889,8.14457,4.179953,1
31154,87.66361111111111,5.3207803,3.5947204,0
31156,87.66305555555556,9.014011,2.2266252,0
31178,87.63416666666667,6.575604,-0.5117528,0
31208,87.59666666666666,9.66476,1.8404853,0
31219,87.57916666666667,8.833852,1.4959174,1
31226,87.57388888888889,4.868239,4.640536,1
31230,87.57,6.8962317,3.6609254,1
31285,87.46722222222222,7.886144,6.453007,0
31287,87.46305555555556,8.195709,7.155063,0
31289,87.45611111111111,7.9158235,1.4335469,0
31305,87.43944444444445,6.580136,6.2775087,1
31324,87.42166666666667,9.278097,2.2661114,1
31372,87.34277777777778,10.504127,5.4574146,1
31395,87.31361111111111,7.329999,7.2504377,1
31546,87.09694444444445,7.680598,3.6919186,1
31592,87.03777777777778,7.3468447,3.5762322,0
31609,87.01611111111112,8.092305,7.8218307,0
31671,86.89083333333333,8.94917,5.864136,1
31691,86.8625,10.466658,5.4939337,1
31713,86.8163888888889,6.351135,3.5641928,0
31719,86.77972222222222,6.8561172,2.7375488,0
31745,86.72694444444444,7.1796436,0.36321884,0
31752,86.72111111111111,7.687961,2.6193242,1
31761,86.69472222222223,7.4213533,4.7114587,1
31807,86.59861111111111,11.368763,4.2133093,0
31824,86.56916666666666,5.2249055,6.6916466,1
31837,86.54833333333333,6.8174005,2.6811717,1
31871,86.49166666666666,3.6563969,3.7306585,1
31877,86.48388888888888,7.8906236,7.5902824,1
31896,86.4575,7.773981,0.8792952,0
31905,86.44638888888889,8.283909,4.127525,0
31910,86.42666666666666,9.800025,4.7785945,1
31998,86.27194444444444,9.211359,3.8330178,1
32012,86.255,7.501675,1.779232,0
32020,86.24722222222222,8.103282,7.7358623,0
32021,86.24694444444444,8.214335,7.3826394,0
32058,86.17305555555555,8.904906,5.940172,0
32064,86.15861111111111,6.3255935,3.1501613,1
32080,86.13222222222223,5.877218,5.2912297,0
32096,86.10472222222222,7.1928563,0.6950845,0
32169,85.98583333333333,4.6168613,2.7207277,0
32180,85.94888888888889,4.3578687,4.556396,0
32206,85.91444444444444,8.326161,2.380887,1
32207,85.91305555555556,8.382921,5.335615,1
32213,85.89777777777778,6.0605984,3.2809994,1
32223,85.87972222222223,6.4105167,3.0631192,0
32241,85.85388888888889,10.669443,7.172328,0
32284,85.76472222222222,5.300704,3.5810013,1
32295,85.7461111111111,6.6683707,6.546265,1
32307,85.72305555555556,7.2887955,4.719269,0
32341,85.64861111111111,10.469118,6.703757,1
32344,85.64361111111111,7.1524343,1.6191862,1
32349,85.63027777777778,8.52171,7.671082,1
32381,85.55694444444444,6.470661,1.7533549,1
32496,85.34944444444444,5.4645443,4.5872784,0
32536,85.28138888888888,9.284964,2.2384608,1
32551,85.235,6.622163,5.444753,1
32591,85.16222222222223,4.3897996,3.2717576,1
32597,85.14555555555556,8.188308,7.3629427,1
32619,85.10305555555556,8.696928,4.605094,0
32621,85.09694444444445,8.950542,5.863825,1
32657,85.04027777777777,6.8728023,3.230815,1
32680,85.00527777777778,5.331463,3.541432,1
32687,84.99805555555555,10.459099,5.498365,1
32689,84.99638888888889,10.47235,5.586427,1
32690,84.99527777777777,4.9693294,0.7043863,1
32714,84.95611111111111,10.396755,5.383895,1
32850,84.63888888888889,6.653489,1.9841974,1
32930,84.43416666666667,6.4879727,1.667164,1
33013,84.24194444444444,7.73438,3.707203,1
33017,84.23194444444445,8.59198,2.3794773,0
33151,83.99972222222222,7.105989,2.9730682,0
33152,83.99555555555555,6.364943,3.0739462,0
33204,83.89166666666667,5.358569,4.0077944,1
33225,83.85888888888888,4.4614024,2.6324182,1
33277,83.7575,5.275215,3.5449553,1
33293,83.71277777777777,5.077706,3.5878346,1
33302,83.69777777777777,8.04061,4.1411886,1
33308,83.68805555555555,5.2725816,3.5527446,1
33367,83.50111111111111,6.3116617,2.093857,1
33421,83.32666666666667,8.232162,1.0847666,0
33527,83.02194444444444,5.257734,3.5435221,1
33576,82.81888888888889,8.952451,5.892639,1
33592,82.73666666666666,10.368371,6.7326055,1
33642,82.55277777777778,9.546146,3.9576557,0
33661,82.46694444444445,4.442349,2.6661205,1
33691,82.35333333333334,8.361273,5.9714727,0
33713,82.22111111111111,10.523398,6.9108,0
33770,81.98555555555555,5.594345,4.2677627,1
33811,81.7063888888889,6.865276,5.2414417,0
33831,81.5663888888889,4.44742,4.000098,0
33858,81.38666666666667,8.179965,7.86112,0
33871,81.3225,8.138415,7.5216036,0
33887,81.2611111111111,7.292288,2.652042,1
33897,81.23027777777777,10.83597,4.889689,1
33947,80.96944444444445,7.9660254,7.697743,1
33954,80.91833333333334,10.666197,4.9564633,1
33970,80.7838888888889,6.529438,3.883335,0
33971,80.775,6.5026536,3.794644,0
34002,80.4888888888889,6.8407283,3.5973296,0
34003,80.47027777777778,6.944065,4.444084,0
34067,79.97777777777777,10.147429,1.4937363,0
34101,79.80944444444444,9.181096,6.0149355,1
34106,79.73805555555556,8.043862,4.1600947,1
34145,79.5025,6.7972,4.2588196,1
34157,79.46472222222222,7.500595,2.2436304,0
34174,79.40222222222222,4.8370075,4.4668236,1
34227,79.08555555555556,6.5923004,3.306041,1
34323,78.64527777777778,10.4245405,6.9993734,0
34340,78.50861111111111,8.610511,6.0897603,1
34383,78.3163888888889,5.94498,1.7010314,0
34384,78.31555555555556,6.402217,1.613412,0
34456,77.94722222222222,6.6745977,3.17107,1
34519,77.58916666666667,7.2999105,4.9228573,0
34552,77.40305555555555,3.007243,4.506042,1
34578,77.25444444444445,4.803871,3.1492796,0
34596,77.10972222222222,8.42209,7.104847,0
34639,76.90638888888888,5.445618,2.68715,1
34640,76.90638888888888,7.7686086,2.4396007,0
34654,76.84166666666667,7.6124964,2.3935883,1
34678,76.725,6.2828712,2.9360163,1
34689,76.68083333333334,5.82109,3.0233076,1
34830,75.97055555555555,6.8713245,3.9557207,1
34838,75.94027777777778,5.3494716,3.6305726,1
34854,75.86055555555555,6.942379,2.4571152,1
34878,75.74527777777777,7.899243,4.7725663,0
34944,75.48,5.675621,2.9201074,0
34966,75.38138888888889,9.509345,2.081818,0
34971,75.36805555555556,7.2490764,3.102822,0
34999,75.26222222222222,7.9864855,7.686342,0
35060,75.06888888888889,4.557155,3.4833329,1
35115,74.90222222222222,7.6115975,4.40252,0
35207,74.58611111111111,7.010048,2.4414592,0
35230,74.52833333333334,7.406278,3.6628952,0
35241,74.47027777777778,4.47948,5.0071383,1
35303,74.22722222222222,7.0424814,4.547345,1
35345,74.12722222222222,4.614939,3.4609957,0
35352,74.09916666666666,7.2851686,1.4820495,0
35381,73.99583333333334,10.737663,2.3954558,1
35425,73.84972222222223,6.1372747,2.909494,0
35452,73.76416666666667,6.513991,3.4462092,1
35490,73.64194444444445,9.260245,4.743614,0
35497,73.63055555555556,6.548601,3.5005133,0
35553,73.44388888888889,9.152921,5.649342,0
35554,73.44055555555556,5.1544046,6.7202873,1
35571,73.40222222222222,6.6033144,2.199403,0
35603,73.30277777777778,7.851187,4.427285,1
35622,73.22833333333334,5.6261306,3.3812208,1
35626,73.20666666666666,5.2906046,3.6521192,1
35654,73.12555555555555,6.872627,3.3604314,1
35669,73.06138888888889,8.143434,2.3203948,1
35672,73.05444444444444,7.345822,6.604606,1
35679,73.03055555555555,10.29395,6.528574,0
35752,72.83027777777778,8.530341,4.542991,1
35787,72.7213888888889,6.123443,1.3782686,0
35809,72.64194444444445,8.1416025,3.6279607,1
35810,72.63527777777779,9.107906,2.918007,1
35844,72.48750000000001,8.388201,3.9410183,0
35867,72.3963888888889,5.2731643,3.5467033,1
35989,72.05777777777779,8.612149,6.207554,1
36013,71.97861111111112,5.2085047,6.76621,0
36022,71.96027777777779,6.3565454,2.0628605,1
36029,71.93361111111112,7.169689,1.6511664,0
36044,71.88083333333334,6.23787,2.1822524,0
36062,71.78722222222223,7.0570984,2.7988188,1
36088,71.71361111111112,7.0949993,1.4221972,0
36097,71.66388888888889,7.5651574,4.035964,1
36103,71.64777777777779,7.0590925,1.7298738,1
36105,71.63138888888889,6.824884,2.3402185,1
36115,71.55583333333334,7.877407,7.7581787,0
36123,71.51277777777779,6.4467006,2.3876965,1
36134,71.48833333333334,7.250097,4.171913,1
36182,71.31333333333335,10.788148,5.171047,1
36221,71.16361111111112,6.786328,4.457316,1
36261,71.00916666666667,7.783238,3.7318058,1
36263,71.00777777777779,6.3574667,1.7977716,0
36279,70.94805555555557,6.6673017,1.9846011,0
36298,70.89500000000001,10.091929,2.1734824,0
36399,70.52111111111113,5.81724,2.3928182,1
36423,70.46583333333334,10.937779,4.9054832,1
36439,70.41805555555557,5.9024506,3.2610989,0
36443,70.40166666666667,5.9284215,3.215907,0
36446,70.38944444444445,5.0096054,4.1520834,1
36459,70.36333333333334,3.1541357,2.2700949,1
36464,70.3525,7.045119,0.7354118,0
36478,70.27944444444445,2.5306933,3.581953,0
36484,70.245,6.3586807,1.1541709,0
36488,70.24027777777779,4.7954993,3.4185283,1
36500,70.21222222222222,4.484794,2.9859483,1
36564,70.0038888888889,6.522479,1.93476,1
36567,70.00222222222223,8.825989,6.3384075,1
36599,69.88694444444445,7.402123,2.7484143,0
36609,69.85055555555556,2.192375,3.5920758,0
36645,69.76277777777779,5.3229537,0.7479622,1
36679,69.64583333333334,6.208927,7.4297075,0
36697,69.59500000000001,6.6558566,1.9802741,1
36707,69.5725,8.6418915,6.2289314,1
36794,69.33861111111112,10.181878,2.4355762,0
36795,69.33527777777779,6.5902686,1.6428552,0
36835,69.25333333333334,10.379361,3.205764,1
36860,69.19222222222223,6.7034283,7.4020066,1
36892,69.11916666666667,6.2558026,1.7429614,0
36904,69.06250000000001,9.348174,2.2431686,1
36907,69.05583333333334,6.4522934,2.0915363,1
37025,68.79055555555556,8.79146,5.8438067,1
37064,68.6738888888889,9.381527,1.893864,1
37071,68.64583333333334,6.825473,3.2797375,1
37087,68.60305555555556,6.2713814,2.0905042,1
37097,68.57444444444445,8.863702,2.4755983,1
37105,68.55416666666667,4.834039,6.582786,0
37118,68.51722222222223,7.400855,2.685032,1
37121,68.51055555555557,4.913756,6.535428,0
37149,68.43833333333335,5.813879,1.7844158,0
37206,68.28611111111113,3.4200187,4.47267,0
37223,68.23277777777778,7.2266574,1.6383439,0
37282,68.07416666666667,8.9794235,1.9408821,1
37310,68.00666666666667,10.426711,1.8809464,1
37313,68.00333333333334,7.792165,7.0103188,0
37373,67.825,7.1345162,2.6592393,1
37376,67.81861111111112,6.1180434,1.4287549,0
37392,67.76805555555556,4.7997003,4.9596267,0
37393,67.76694444444445,9.337631,5.0920844,0
37404,67.73055555555557,6.3253756,1.8468915,0
37424,67.67555555555556,8.69566,2.476504,1
37425,67.67277777777778,8.78666,2.0488935,0
37441,67.62055555555557,9.154601,2.020763,0
37456,67.55722222222224,6.4979806,3.0842915,0
37458,67.55694444444445,6.6195755,2.8954062,1
37472,67.50638888888889,10.063592,6.7001605,1
37536,67.33222222222223,5.2893186,3.6278193,1
37542,67.32444444444445,8.461793,2.5595953,1
37578,67.24666666666667,7.913852,7.814247,0
37663,67.06666666666668,8.039068,2.8200438,1
37768,66.78305555555556,6.437807,1.9609666,1
37784,66.72694444444446,6.419664,2.7404897,0
37805,66.64916666666667,7.934653,3.0945957,1
37807,66.64361111111111,7.1677237,3.6415052,1
37822,66.58944444444445,8.368219,6.975646,1
37904,66.39166666666668,9.484155,4.600575,1
37953,66.27583333333334,6.116779,2.8951983,1
37992,66.17194444444445,7.2263784,1.7080107,1
38037,65.9938888888889,9.299591,1.9219587,1
38107,65.82194444444445,6.74231,1.6455467,0
38127,65.72111111111111,6.1044574,1.3823892,0
38149,65.63916666666667,10.697755,7.156798,0
38155,65.61833333333334,6.705976,3.2615614,1
38244,65.24555555555557,6.739256,2.8366373,1
38346,64.93472222222223,10.574883,7.1458945,0
38395,64.78111111111112,6.877423,3.182055,1
38403,64.77305555555556,6.1192937,1.3091661,0
38413,64.74833333333333,10.302213,6.7088814,0
38417,64.7425,6.3235,1.7972966,1
38446,64.63694444444444,6.1988444,1.7710329,0
38448,64.61861111111111,7.355012,2.6201143,1
38450,64.61694444444444,8.62765,5.730786,1
38455,64.60083333333333,6.2861686,1.5870461,1
38466,64.55361111111111,6.39232,3.4591887,0
38471,64.53527777777778,7.1037374,3.0713396,1
38518,64.39444444444445,5.9183517,3.2506862,0
38520,64.37916666666666,5.872874,3.187364,0
38524,64.37,4.593317,3.3579168,0
38577,64.11944444444444,6.639019,1.8274733,1
38636,63.92777777777778,7.146019,4.072784,0
38706,63.69027777777778,6.585455,1.8475884,0
38720,63.64138888888889,6.8819966,2.265077,1
38762,63.49583333333333,3.4282286,3.2680697,0
38787,63.43111111111112,7.2237,0.9592739,0
38797,63.38055555555555,6.471177,1.2371086,0
38805,63.33166666666666,6.2886596,1.5207816,1
38906,62.986666666666665,9.491814,3.7550192,1
38925,62.94361111111111,7.813298,4.3137894,0
39093,62.26027777777778,6.5964093,2.0350435,0
39098,62.24888888888889,5.3023496,3.6130357,1
39107,62.22277777777778,6.8166995,3.8168523,1
39115,62.18833333333333,9.612037,4.168027,1
39123,62.14277777777778,5.452578,6.2998047,1
39181,61.86305555555556,8.705191,5.650191,0
39193,61.83083333333333,6.1490374,2.9882073,0
39206,61.761944444444445,4.6051884,3.3083005,1
39218,61.715,7.0848274,2.621653,0
39379,60.87611111111111,9.82855,3.1851938,0
39386,60.80694444444445,6.745229,2.5331862,1
39391,60.77916666666667,6.8254695,1.8464005,1
39401,60.676944444444445,6.866737,1.8424858,1
39418,60.574444444444445,8.258629,7.542239,0
39440,60.4825,3.717653,2.8136744,1
39555,59.672777777777775,7.4969378,2.4280808,1
39564,59.58305555555555,9.904153,2.4038436,0
39579,59.469166666666666,6.6835494,1.7398859,1
39588,59.40083333333333,9.277639,4.9084463,0
39607,59.23916666666667,7.9736285,4.7593894,0
39797,55.25694444444444,9.529661,3.1326313,1
39889,53.32333333333333,6.95496,3.016425,1
39907,53.053333333333335,9.264266,2.437798,1
39985,52.0425,8.5452385,5.7211943,1
39988,52.0275,4.6685314,4.6486526,0
40020,51.7175,10.2987175,6.6813602,0
40027,51.66027777777778,6.900139,4.3133106,1
40044,51.53777777777778,10.993191,1.8646781,0
40053,51.47666666666667,7.1923227,3.962133,0
40118,51.09194444444445,4.5021358,0.9087819,1
40138,50.94972222222222,1.9757192,3.6349845,0
40168,50.76472222222223,7.782596,2.3434503,1
40224,50.48583333333333,7.6430554,7.703906,1
40241,50.39416666666666,7.0086746,2.5017302,1
40259,50.24777777777778,8.967122,2.3052464,0
40273,50.195277777777775,8.52081,4.572576,1
40328,49.721944444444446,6.1342874,1.4415958,0
40344,49.62166666666667,7.777675,7.91362,1
40417,49.16333333333333,9.535097,2.5359225,1
40448,49.02916666666667,6.5724835,3.5778143,0
40471,48.780277777777776,6.771989,4.214498,0
40520,48.51694444444445,7.14904,1.0652884,0
40535,48.43611111111111,7.0986238,3.3338442,1
40538,48.41138888888889,5.457193,6.443012,0
40540,48.405277777777776,7.400172,4.620065,0
40579,48.175,10.396287,6.662777,1
40588,48.14083333333333,8.2562895,7.043716,1
40610,48.00138888888889,6.913977,2.6057966,1
40626,47.92,9.811687,1.8258656,0
40685,47.64472222222222,7.8733253,2.3794186,1
40693,47.61,4.218035,2.2923753,1
40781,47.17722222222222,4.184297,2.294132,1
40788,47.153333333333336,5.8295207,3.5894465,0
40875,46.76444444444444,6.4821076,1.7707243,1
40883,46.730555555555554,7.7914286,4.0200257,0
40890,46.71222222222222,5.4285655,1.4926552,0
40893,46.70472222222222,9.27749,6.109245,0
40925,46.55777777777778,6.497805,1.8114023,0
40926,46.55277777777778,6.7479463,4.390984,1
41061,45.95055555555555,6.641921,2.2845328,1
41093,45.81138888888889,10.731476,7.205568,0
41104,45.77666666666666,6.4145446,1.9339894,0
41115,45.740833333333335,8.037296,4.2161975,1
41159,45.63055555555555,10.2122755,5.192367,1
41182,45.52472222222222,5.21016,1.6405737,0
41185,45.51833333333333,9.468061,2.4035258,1
41210,45.44555555555556,6.698232,2.5230305,1
41295,45.141666666666666,7.4412575,3.7611623,1
41364,44.90611111111111,11.450231,4.1176596,1
41365,44.8975,8.328087,6.9365263,0
41366,44.89305555555556,8.353483,1.257554,1
41405,44.80027777777778,8.698565,5.9377894,0
41420,44.75055555555556,8.462386,1.2000554,0
41434,44.66888888888889,7.5345206,4.7065964,1
41485,44.36388888888889,5.4839067,3.665571,1
41554,43.93416666666667,9.41359,2.4441588,1
41558,43.89972222222222,6.6899014,2.499407,1
41583,43.77916666666667,5.6062074,3.596463,1
41593,43.72527777777778,8.197016,6.720509,1
41626,43.54833333333333,6.626222,3.0233586,0
41746,43.02527777777778,9.624525,4.075552,0
41749,43.009166666666665,9.57586,4.1717634,0
41774,42.87833333333333,5.124507,6.4389267,0
41809,42.63777777777778,7.4337325,2.5623524,1
41816,42.58833333333333,7.132966,4.009118,1
41834,42.44777777777778,8.181275,1.7816366,0
41885,42.21222222222222,5.3057337,2.7837114,0
41921,42.068888888888885,7.4224486,2.7990513,1
41950,41.94166666666667,6.274745,3.0772576,1
41969,41.84166666666667,3.2784677,3.6057267,1
42005,41.66138888888889,7.528557,4.5597506,1
42052,41.42972222222223,10.755224,7.267984,0
42073,41.34194444444445,7.4516926,2.412904,0
42094,41.25861111111111,6.4576764,1.7616024,1
42170,40.668055555555554,6.4554944,1.9511722,1
42213,40.005833333333335,7.0886464,2.3968625,0
42278,39.22388888888889,7.0487547,4.276635,0
42301,38.64388888888889,6.6002526,3.12003,0
42376,36.994166666666665,9.514117,4.764417,0
42536,14.910555555555556,8.256058,4.3046937,0
